,Team,Result,Margin,Balls Remaining,Toss,Bat,None1,Opposition,Ground,Start Date,None2
0,New Zealand,n/r,-,,lost,1st,,v Sri Lanka,Nelson,2 Jan 2016,
1,New Zealand,won,36 runs,,lost,1st,,v Sri Lanka,Mount Maunganui,5 Jan 2016,
2,Australia,won,5 wickets,4,lost,2nd,,v India,Perth,12 Jan 2016,
3,Australia,won,7 wickets,6,lost,2nd,,v India,Brisbane,15 Jan 2016,
4,Australia,won,3 wickets,7,won,2nd,,v India,Melbourne,17 Jan 2016,
5,Australia,won,25 runs,,won,1st,,v India,Canberra,20 Jan 2016,
6,Australia,lost,6 wickets,2,lost,1st,,v India,Sydney,23 Jan 2016,
7,New Zealand,won,70 runs,,lost,1st,,v Pakistan,Wellington,25 Jan 2016,
8,Hong Kong,won,109 runs,,lost,1st,,v Scotland,Mong Kok,26 Jan 2016,
9,New Zealand,aban,-,,-,-,,v Pakistan,Napier,28 Jan 2016,
10,Hong Kong,aban,-,,-,-,,v Scotland,Mong Kok,28 Jan 2016,
11,New Zealand,won,3 wickets,2,lost,2nd,,v Pakistan,Auckland,31 Jan 2016,
12,New Zealand,won,159 runs,,lost,1st,,v Australia,Auckland,3 Feb 2016,
13,South Africa,lost,39 runs,,lost,2nd,,v England,Bloemfontein,3 Feb 2016,
14,New Zealand,lost,4 wickets,21,won,1st,,v Australia,Wellington,6 Feb 2016,
15,South Africa,lost,5 wickets,22,won,1st,,v England,Gqeberha,6 Feb 2016,
16,New Zealand,won,55 runs,,lost,1st,,v Australia,Hamilton,8 Feb 2016,
17,South Africa,won,7 wickets,22,lost,2nd,,v England,Centurion,9 Feb 2016,
18,South Africa,won,1 wickets,16,won,2nd,,v England,Johannesburg,12 Feb 2016,
19,South Africa,won,5 wickets,36,won,2nd,,v England,Cape Town,14 Feb 2016,
20,West Indies,won,4 wickets,11,lost,2nd,,v South Africa,Providence,3 Jun 2016,
21,West Indies,lost,6 wickets,146,lost,1st,,v Australia,Providence,5 Jun 2016,
22,Zimbabwe,lost,9 wickets,45,lost,1st,,v India,Harare,11 Jun 2016,
23,Zimbabwe,lost,8 wickets,139,lost,1st,,v India,Harare,13 Jun 2016,
24,West Indies,won,4 wickets,26,won,2nd,,v Australia,Basseterre,13 Jun 2016,
25,Zimbabwe,lost,10 wickets,169,won,1st,,v India,Harare,15 Jun 2016,
26,West Indies,lost,139 runs,,won,2nd,,v South Africa,Basseterre,15 Jun 2016,
27,Ireland,lost,76 runs,,won,2nd,,v Sri Lanka,Dublin (Malahide),16 Jun 2016,
28,Ireland,lost,136 runs,,won,2nd,,v Sri Lanka,Dublin (Malahide),18 Jun 2016,
29,England,tied,-,,won,2nd,,v Sri Lanka,Nottingham,21 Jun 2016,
30,West Indies,lost,6 wickets,8,lost,1st,,v Australia,Bridgetown,21 Jun 2016,
31,England,won,10 wickets,95,lost,2nd,,v Sri Lanka,Birmingham,24 Jun 2016,
32,West Indies,won,100 runs,,lost,1st,,v South Africa,Bridgetown,24 Jun 2016,
33,England,n/r,-,,won,2nd,,v Sri Lanka,Bristol,26 Jun 2016,
34,West Indies,lost,58 runs,,lost,2nd,,v Australia,Bridgetown,26 Jun 2016,
35,England,won,6 wickets,11,won,2nd,,v Sri Lanka,The Oval,29 Jun 2016,
36,England,won,122 runs,,lost,1st,,v Sri Lanka,Cardiff,2 Jul 2016,
37,Scotland,n/r,-,,won,2nd,,v Afghanistan,Edinburgh,4 Jul 2016,
38,Scotland,lost,78 runs,,lost,2nd,,v Afghanistan,Edinburgh,6 Jul 2016,
39,Ireland,aban,-,,-,-,,v Afghanistan,Belfast,10 Jul 2016,
40,Ireland,lost,39 runs,,won,2nd,,v Afghanistan,Belfast,12 Jul 2016,
41,Ireland,won,6 wickets,15,lost,2nd,,v Afghanistan,Belfast,14 Jul 2016,
42,Ireland,lost,79 runs,,lost,2nd,,v Afghanistan,Belfast,17 Jul 2016,
43,Ireland,won,12 runs,,lost,1st,,v Afghanistan,Belfast,19 Jul 2016,
44,Scotland,won,98 runs,,lost,1st,,v U.A.E.,Edinburgh,14 Aug 2016,
45,Scotland,won,7 wickets,14,lost,2nd,,v U.A.E.,Edinburgh,16 Aug 2016,
46,Ireland,lost,255 runs,,won,2nd,,v Pakistan,Dublin (Malahide),18 Aug 2016,
47,Ireland,aban,-,,-,-,,v Pakistan,Dublin (Malahide),20 Aug 2016,
48,Sri Lanka,lost,3 wickets,19,lost,1st,,v Australia,Colombo (RPS),21 Aug 2016,
49,Sri Lanka,won,82 runs,,won,1st,,v Australia,Colombo (RPS),24 Aug 2016,
50,England,won,44 runs,,lost,2nd,,v Pakistan,Southampton,24 Aug 2016,
51,England,won,4 wickets,15,lost,2nd,,v Pakistan,Lord's,27 Aug 2016,
52,Sri Lanka,lost,2 wickets,24,won,1st,,v Australia,Dambulla,28 Aug 2016,
53,England,won,169 runs,,won,1st,,v Pakistan,Nottingham,30 Aug 2016,
54,Sri Lanka,lost,6 wickets,114,won,1st,,v Australia,Dambulla,31 Aug 2016,
55,England,won,4 wickets,12,lost,2nd,,v Pakistan,Leeds,1 Sep 2016,
56,Sri Lanka,lost,5 wickets,42,won,1st,,v Australia,Pallekele,4 Sep 2016,
57,England,lost,4 wickets,10,lost,1st,,v Pakistan,Cardiff,4 Sep 2016,
58,Scotland,n/r,-,,lost,1st,,v Hong Kong,Edinburgh,8 Sep 2016,
59,Scotland,won,53 runs,,won,1st,,v Hong Kong,Edinburgh,10 Sep 2016,
60,South Africa,won,206 runs,,lost,1st,,v Ireland,Benoni,25 Sep 2016,
61,Bangladesh,won,7 runs,,won,1st,,v Afghanistan,Mirpur,25 Sep 2016,
62,Bangladesh,lost,2 wickets,2,lost,1st,,v Afghanistan,Mirpur,28 Sep 2016,
63,South Africa,won,6 wickets,82,won,2nd,,v Australia,Centurion,30 Sep 2016,
64,Bangladesh,won,141 runs,,won,1st,,v Afghanistan,Mirpur,1 Oct 2016,
65,South Africa,won,142 runs,,lost,1st,,v Australia,Johannesburg,2 Oct 2016,
66,South Africa,won,4 wickets,4,lost,2nd,,v Australia,Durban,5 Oct 2016,
67,Bangladesh,lost,21 runs,,lost,2nd,,v England,Mirpur,7 Oct 2016,
68,South Africa,won,6 wickets,87,lost,2nd,,v Australia,Gqeberha,9 Oct 2016,
69,Bangladesh,won,34 runs,,lost,1st,,v England,Mirpur,9 Oct 2016,
70,Bangladesh,lost,4 wickets,13,lost,1st,,v England,Chattogram,12 Oct 2016,
71,South Africa,won,31 runs,,won,1st,,v Australia,Cape Town,12 Oct 2016,
72,India,won,6 wickets,101,won,2nd,,v New Zealand,Dharamsala,16 Oct 2016,
73,India,lost,6 runs,,won,2nd,,v New Zealand,Delhi,20 Oct 2016,
74,India,won,7 wickets,10,won,2nd,,v New Zealand,Mohali,23 Oct 2016,
75,India,lost,19 runs,,lost,2nd,,v New Zealand,Ranchi,26 Oct 2016,
76,India,won,190 runs,,won,1st,,v New Zealand,Visakhapatnam,29 Oct 2016,
77,Hong Kong,won,106 runs,,won,1st,,v P.N.G.,Mong Kok,4 Nov 2016,
78,Hong Kong,lost,14 runs,,lost,2nd,,v P.N.G.,Mong Kok,6 Nov 2016,
79,Hong Kong,won,7 wickets,27,lost,2nd,,v P.N.G.,Mong Kok,8 Nov 2016,
80,Zimbabwe,lost,8 wickets,153,lost,1st,,v Sri Lanka,Harare,14 Nov 2016,
81,Zimbabwe,tied,-,,won,1st,,v West Indies,Bulawayo,19 Nov 2016,
82,Zimbabwe,n/r,-,,won,1st,,v Sri Lanka,Bulawayo,21 Nov 2016,
83,Zimbabwe,won,5 runs,,won,1st,,v West Indies,Bulawayo,25 Nov 2016,
84,Zimbabwe,lost,6 wickets,75,won,1st,,v Sri Lanka,Bulawayo,27 Nov 2016,
85,Australia,won,68 runs,,won,1st,,v New Zealand,Sydney,4 Dec 2016,
86,Australia,won,116 runs,,lost,1st,,v New Zealand,Canberra,6 Dec 2016,
87,Australia,won,117 runs,,won,1st,,v New Zealand,Melbourne,9 Dec 2016,
88,New Zealand,won,77 runs,,won,1st,,v Bangladesh,Christchurch,26 Dec 2016,
89,New Zealand,won,67 runs,,lost,1st,,v Bangladesh,Nelson,29 Dec 2016,
90,New Zealand,won,8 wickets,52,lost,2nd,,v Bangladesh,Nelson,31 Dec 2016,
91,Australia,won,92 runs,,won,1st,,v Pakistan,Brisbane,13 Jan 2017,
92,Australia,lost,6 wickets,14,won,1st,,v Pakistan,Melbourne,15 Jan 2017,
93,India,won,3 wickets,11,won,2nd,,v England,Pune,15 Jan 2017,
94,Australia,won,7 wickets,30,won,2nd,,v Pakistan,Perth,19 Jan 2017,
95,India,won,15 runs,,lost,1st,,v England,Cuttack,19 Jan 2017,
96,Australia,won,86 runs,,won,1st,,v Pakistan,Sydney,22 Jan 2017,
97,India,lost,5 runs,,won,2nd,,v England,Kolkata,22 Jan 2017,
98,U.A.E.,won,4 wickets,49,lost,2nd,,v Scotland,Dubai (DSC),24 Jan 2017,
99,Australia,won,57 runs,,won,1st,,v Pakistan,Adelaide,26 Jan 2017,
100,U.A.E.,won,6 wickets,71,won,2nd,,v Hong Kong,Dubai (DSC),26 Jan 2017,
101,South Africa,won,8 wickets,94,won,2nd,,v Sri Lanka,Gqeberha,28 Jan 2017,
102,New Zealand,won,6 runs,,lost,1st,,v Australia,Auckland,30 Jan 2017,
103,South Africa,won,121 runs,,lost,1st,,v Sri Lanka,Durban,1 Feb 2017,
104,New Zealand,aban,-,,-,-,,v Australia,Napier,2 Feb 2017,
105,South Africa,won,7 wickets,108,won,2nd,,v Sri Lanka,Johannesburg,4 Feb 2017,
106,New Zealand,won,24 runs,,won,1st,,v Australia,Hamilton,5 Feb 2017,
107,South Africa,won,40 runs,,won,1st,,v Sri Lanka,Cape Town,7 Feb 2017,
108,South Africa,won,88 runs,,lost,1st,,v Sri Lanka,Centurion,10 Feb 2017,
109,Zimbabwe,lost,12 runs,,lost,2nd,,v Afghanistan,Harare,16 Feb 2017,
110,New Zealand,lost,4 wickets,1,lost,1st,,v South Africa,Hamilton,19 Feb 2017,
111,Zimbabwe,lost,54 runs,,lost,2nd,,v Afghanistan,Harare,19 Feb 2017,
112,Zimbabwe,won,3 runs,,won,1st,,v Afghanistan,Harare,21 Feb 2017,
113,New Zealand,won,6 runs,,lost,1st,,v South Africa,Christchurch,22 Feb 2017,
114,Zimbabwe,won,7 wickets,118,lost,2nd,,v Afghanistan,Harare,24 Feb 2017,
115,New Zealand,lost,159 runs,,lost,2nd,,v South Africa,Wellington,25 Feb 2017,
116,Zimbabwe,lost,106 runs,,lost,2nd,,v Afghanistan,Harare,26 Feb 2017,
117,New Zealand,won,7 wickets,30,lost,2nd,,v South Africa,Hamilton,1 Mar 2017,
118,U.A.E.,lost,85 runs,,won,2nd,,v Ireland,ICCA Dubai,2 Mar 2017,
119,West Indies,lost,45 runs,,won,2nd,,v England,North Sound,3 Mar 2017,
120,New Zealand,lost,6 wickets,106,lost,1st,,v South Africa,Auckland,4 Mar 2017,
121,U.A.E.,lost,8 wickets,49,won,1st,,v Ireland,ICCA Dubai,4 Mar 2017,
122,West Indies,lost,4 wickets,10,won,1st,,v England,North Sound,5 Mar 2017,
123,West Indies,lost,186 runs,,won,2nd,,v England,Bridgetown,9 Mar 2017,
124,Sri Lanka,lost,90 runs,,won,2nd,,v Bangladesh,Dambulla,25 Mar 2017,
125,Sri Lanka,n/r,-,,won,1st,,v Bangladesh,Dambulla,28 Mar 2017,
126,U.A.E.,won,82 runs,,lost,1st,,v P.N.G.,Abu Dhabi,31 Mar 2017,
127,Sri Lanka,won,70 runs,,lost,1st,,v Bangladesh,Colombo (SSC),1 Apr 2017,
128,U.A.E.,lost,26 runs,,lost,2nd,,v P.N.G.,Abu Dhabi,2 Apr 2017,
129,U.A.E.,won,103 runs,,won,1st,,v P.N.G.,Abu Dhabi,4 Apr 2017,
130,West Indies,won,4 wickets,6,won,2nd,,v Pakistan,Providence,7 Apr 2017,
131,West Indies,lost,74 runs,,won,2nd,,v Pakistan,Providence,9 Apr 2017,
132,West Indies,lost,6 wickets,41,won,1st,,v Pakistan,Providence,11 Apr 2017,
133,England,won,7 wickets,180,lost,2nd,,v Ireland,Bristol,5 May 2017,
134,England,won,85 runs,,lost,1st,,v Ireland,Lord's,7 May 2017,
135,Ireland,n/r,-,,won,2nd,,v Bangladesh,Dublin (Malahide),12 May 2017,
136,Ireland,lost,51 runs,,won,2nd,,v New Zealand,Dublin (Malahide),14 May 2017,
137,Ireland,lost,8 wickets,137,lost,1st,,v Bangladesh,Dublin (Malahide),19 May 2017,
138,Ireland,lost,190 runs,,won,2nd,,v New Zealand,Dublin (Malahide),21 May 2017,
139,England,won,72 runs,,lost,1st,,v South Africa,Leeds,24 May 2017,
140,England,won,2 runs,,lost,1st,,v South Africa,Southampton,27 May 2017,
141,England,lost,7 wickets,127,lost,1st,,v South Africa,Lord's,29 May 2017,
142,England,won,8 wickets,16,won,2nd,,v Bangladesh,The Oval,1 Jun 2017,
143,England,won,87 runs,,lost,1st,,v New Zealand,Cardiff,6 Jun 2017,
144,West Indies,lost,63 runs,,lost,2nd,,v Afghanistan,Gros Islet,9 Jun 2017,
145,England,won,40 runs,,won,2nd,,v Australia,Birmingham,10 Jun 2017,
146,West Indies,won,4 wickets,64,lost,2nd,,v Afghanistan,Gros Islet,11 Jun 2017,
147,England,lost,8 wickets,77,lost,1st,,v Pakistan,Cardiff,14 Jun 2017,
148,West Indies,n/r,-,,lost,-,,v Afghanistan,Gros Islet,14 Jun 2017,
149,Scotland,won,26 runs,,won,1st,,v Zimbabwe,Edinburgh,15 Jun 2017,
150,Scotland,lost,6 wickets,78,won,1st,,v Zimbabwe,Edinburgh,17 Jun 2017,
151,West Indies,n/r,-,,won,2nd,,v India,Port of Spain,23 Jun 2017,
152,West Indies,lost,105 runs,,won,2nd,,v India,Port of Spain,25 Jun 2017,
153,Sri Lanka,lost,6 wickets,14,won,1st,,v Zimbabwe,Galle,30 Jun 2017,
154,West Indies,lost,93 runs,,won,2nd,,v India,North Sound,30 Jun 2017,
155,Sri Lanka,won,7 wickets,119,won,2nd,,v Zimbabwe,Galle,2 Jul 2017,
156,West Indies,won,11 runs,,won,1st,,v India,North Sound,2 Jul 2017,
157,Sri Lanka,won,8 wickets,16,won,2nd,,v Zimbabwe,Hambantota,6 Jul 2017,
158,West Indies,lost,8 wickets,79,won,1st,,v India,Kingston,6 Jul 2017,
159,Sri Lanka,lost,4 wickets,10,won,1st,,v Zimbabwe,Hambantota,8 Jul 2017,
160,Sri Lanka,lost,3 wickets,71,lost,1st,,v Zimbabwe,Hambantota,10 Jul 2017,
161,Sri Lanka,lost,9 wickets,127,lost,1st,,v India,Dambulla,20 Aug 2017,
162,Sri Lanka,lost,3 wickets,16,lost,1st,,v India,Pallekele,24 Aug 2017,
163,Sri Lanka,lost,6 wickets,29,won,1st,,v India,Pallekele,27 Aug 2017,
164,Sri Lanka,lost,168 runs,,lost,2nd,,v India,Colombo (RPS),31 Aug 2017,
165,Sri Lanka,lost,6 wickets,21,won,1st,,v India,Colombo (RPS),3 Sep 2017,
166,Ireland,aban,-,,-,-,,v West Indies,Belfast,13 Sep 2017,
167,India,won,26 runs,,won,1st,,v Australia,Chennai,17 Sep 2017,
168,England,won,7 wickets,67,lost,2nd,,v West Indies,Manchester,19 Sep 2017,
169,India,won,50 runs,,won,1st,,v Australia,Kolkata,21 Sep 2017,
170,England,n/r,-,,lost,1st,,v West Indies,Nottingham,21 Sep 2017,
171,India,won,5 wickets,13,lost,2nd,,v Australia,Indore,24 Sep 2017,
172,England,won,124 runs,,lost,1st,,v West Indies,Bristol,24 Sep 2017,
173,England,won,6 runs,,won,2nd,,v West Indies,The Oval,27 Sep 2017,
174,India,lost,21 runs,,lost,2nd,,v Australia,Bengaluru,28 Sep 2017,
175,England,won,9 wickets,72,won,2nd,,v West Indies,Southampton,29 Sep 2017,
176,India,won,7 wickets,43,lost,2nd,,v Australia,Nagpur,1 Oct 2017,
177,P.N.G.,lost,101 runs,,lost,2nd,,v Scotland,Port Moresby,6 Oct 2017,
178,P.N.G.,won,5 wickets,12,lost,2nd,,v Scotland,Port Moresby,8 Oct 2017,
179,South Africa,won,10 wickets,43,lost,2nd,,v Bangladesh,Kimberley,15 Oct 2017,
180,South Africa,won,104 runs,,lost,1st,,v Bangladesh,Paarl,18 Oct 2017,
181,India,lost,6 wickets,6,won,1st,,v New Zealand,Wankhede,22 Oct 2017,
182,South Africa,won,200 runs,,won,1st,,v Bangladesh,East London,22 Oct 2017,
183,India,won,6 wickets,24,lost,2nd,,v New Zealand,Pune,25 Oct 2017,
184,India,won,6 runs,,lost,1st,,v New Zealand,Kanpur,29 Oct 2017,
185,India,lost,7 wickets,176,lost,1st,,v Sri Lanka,Dharamsala,10 Dec 2017,
186,India,won,141 runs,,lost,1st,,v Sri Lanka,Mohali,13 Dec 2017,
187,India,won,8 wickets,107,won,2nd,,v Sri Lanka,Visakhapatnam,17 Dec 2017,
188,New Zealand,won,5 wickets,24,won,2nd,,v West Indies,Whangarei,20 Dec 2017,
189,New Zealand,won,204 runs,,lost,1st,,v West Indies,Christchurch,23 Dec 2017,
190,New Zealand,won,66 runs,,won,1st,,v West Indies,Christchurch,26 Dec 2017,
191,New Zealand,won,61 runs,,lost,1st,,v Pakistan,Wellington,6 Jan 2018,
192,New Zealand,won,8 wickets,7,lost,2nd,,v Pakistan,Nelson,9 Jan 2018,
193,U.A.E.,lost,4 wickets,4,lost,1st,,v Ireland,ICCA Dubai,11 Jan 2018,
194,New Zealand,won,183 runs,,won,1st,,v Pakistan,Dunedin,13 Jan 2018,
195,U.A.E.,lost,67 runs,,lost,2nd,,v Ireland,ICCA Dubai,13 Jan 2018,
196,Australia,lost,5 wickets,7,lost,1st,,v England,Melbourne,14 Jan 2018,
197,Bangladesh,won,8 wickets,129,won,2nd,,v Zimbabwe,Mirpur,15 Jan 2018,
198,New Zealand,won,5 wickets,25,lost,2nd,,v Pakistan,Hamilton,16 Jan 2018,
199,New Zealand,won,15 runs,,won,1st,,v Pakistan,Wellington,19 Jan 2018,
200,Australia,lost,4 wickets,34,won,1st,,v England,Brisbane,19 Jan 2018,
201,Bangladesh,won,163 runs,,won,1st,,v Sri Lanka,Mirpur,19 Jan 2018,
202,Australia,lost,16 runs,,won,2nd,,v England,Sydney,21 Jan 2018,
203,U.A.E.,lost,31 runs,,won,2nd,,v Scotland,ICCA Dubai,21 Jan 2018,
204,U.A.E.,won,4 wickets,5,lost,2nd,,v Scotland,ICCA Dubai,23 Jan 2018,
205,Bangladesh,won,91 runs,,won,1st,,v Zimbabwe,Mirpur,23 Jan 2018,
206,Bangladesh,lost,10 wickets,229,won,1st,,v Sri Lanka,Mirpur,25 Jan 2018,
207,Australia,won,3 wickets,78,won,2nd,,v England,Adelaide,26 Jan 2018,
208,Bangladesh,lost,79 runs,,lost,2nd,,v Sri Lanka,Mirpur,27 Jan 2018,
209,Australia,lost,12 runs,,won,2nd,,v England,Perth,28 Jan 2018,
210,South Africa,lost,6 wickets,27,won,1st,,v India,Durban,1 Feb 2018,
211,South Africa,lost,9 wickets,177,lost,1st,,v India,Centurion,4 Feb 2018,
212,South Africa,lost,124 runs,,won,2nd,,v India,Cape Town,7 Feb 2018,
213,South Africa,won,5 wickets,15,lost,2nd,,v India,Johannesburg,10 Feb 2018,
214,South Africa,lost,73 runs,,won,2nd,,v India,Gqeberha,13 Feb 2018,
215,South Africa,lost,8 wickets,107,lost,1st,,v India,Centurion,16 Feb 2018,
216,New Zealand,won,3 wickets,4,won,2nd,,v England,Hamilton,25 Feb 2018,
217,New Zealand,lost,6 wickets,73,lost,1st,,v England,Mount Maunganui,28 Feb 2018,
218,New Zealand,lost,4 runs,,won,2nd,,v England,Wellington,3 Mar 2018,
219,Zimbabwe,won,2 runs,,won,1st,,v Afghanistan,Bulawayo,6 Mar 2018,
220,New Zealand,won,5 wickets,3,won,2nd,,v England,Dunedin,7 Mar 2018,
221,New Zealand,lost,7 wickets,104,lost,1st,,v England,Christchurch,10 Mar 2018,
222,Zimbabwe,won,89 runs,,lost,1st,,v Hong Kong,Bulawayo,10 Mar 2018,
223,Zimbabwe,tied,-,,won,1st,,v Scotland,Bulawayo,12 Mar 2018,
224,Zimbabwe,won,107 runs,,lost,1st,,v Ireland,Harare,16 Mar 2018,
225,Zimbabwe,lost,4 wickets,6,won,1st,,v West Indies,Harare,19 Mar 2018,
226,Zimbabwe,lost,3 runs,,won,2nd,,v U.A.E.,Harare,22 Mar 2018,
227,Scotland,won,6 runs,,lost,1st,,v England,Edinburgh,10 Jun 2018,
228,England,won,3 wickets,36,lost,2nd,,v Australia,The Oval,13 Jun 2018,
229,England,won,38 runs,,lost,1st,,v Australia,Cardiff,16 Jun 2018,
230,England,won,242 runs,,lost,1st,,v Australia,Nottingham,19 Jun 2018,
231,England,won,6 wickets,32,lost,2nd,,v Australia,Chester-le-Street,21 Jun 2018,
232,England,won,1 wickets,9,lost,2nd,,v Australia,Manchester,24 Jun 2018,
233,England,lost,8 wickets,59,lost,1st,,v India,Nottingham,12 Jul 2018,
234,Zimbabwe,lost,201 runs,,won,2nd,,v Pakistan,Bulawayo,13 Jul 2018,
235,England,won,86 runs,,won,1st,,v India,Lord's,14 Jul 2018,
236,Zimbabwe,lost,9 wickets,84,won,1st,,v Pakistan,Bulawayo,16 Jul 2018,
237,England,won,8 wickets,33,won,2nd,,v India,Leeds,17 Jul 2018,
238,Zimbabwe,lost,9 wickets,241,won,1st,,v Pakistan,Bulawayo,18 Jul 2018,
239,Zimbabwe,lost,244 runs,,lost,2nd,,v Pakistan,Bulawayo,20 Jul 2018,
240,Zimbabwe,lost,131 runs,,lost,2nd,,v Pakistan,Bulawayo,22 Jul 2018,
241,West Indies,lost,48 runs,,lost,2nd,,v Bangladesh,Providence,22 Jul 2018,
242,West Indies,won,3 runs,,lost,1st,,v Bangladesh,Providence,25 Jul 2018,
243,West Indies,lost,18 runs,,lost,2nd,,v Bangladesh,Basseterre,28 Jul 2018,
244,Sri Lanka,lost,5 wickets,114,won,1st,,v South Africa,Dambulla,29 Jul 2018,
245,Netherlands,won,55 runs,,won,1st,,v Nepal,Amstelveen,1 Aug 2018,
246,Sri Lanka,lost,4 wickets,43,won,1st,,v South Africa,Dambulla,1 Aug 2018,
247,Netherlands,lost,1 runs,,lost,2nd,,v Nepal,Amstelveen,3 Aug 2018,
248,Sri Lanka,lost,78 runs,,won,2nd,,v South Africa,Pallekele,5 Aug 2018,
249,Sri Lanka,won,3 runs,,lost,1st,,v South Africa,Pallekele,8 Aug 2018,
250,Sri Lanka,won,178 runs,,won,1st,,v South Africa,Colombo (RPS),12 Aug 2018,
251,Ireland,lost,29 runs,,won,2nd,,v Afghanistan,Belfast,27 Aug 2018,
252,Ireland,won,3 wickets,37,lost,2nd,,v Afghanistan,Belfast,29 Aug 2018,
253,Ireland,lost,8 wickets,157,won,1st,,v Afghanistan,Belfast,31 Aug 2018,
254,South Africa,won,5 wickets,143,won,2nd,,v Zimbabwe,Kimberley,30 Sep 2018,
255,South Africa,won,120 runs,,won,1st,,v Zimbabwe,Bloemfontein,3 Oct 2018,
256,South Africa,won,4 wickets,25,lost,2nd,,v Zimbabwe,Paarl,6 Oct 2018,
257,Sri Lanka,n/r,-,,won,2nd,,v England,Dambulla,10 Oct 2018,
258,Sri Lanka,lost,31 runs,,won,2nd,,v England,Dambulla,13 Oct 2018,
259,Sri Lanka,lost,7 wickets,15,lost,1st,,v England,Pallekele,17 Oct 2018,
260,Sri Lanka,lost,18 runs,,lost,1st,,v England,Pallekele,20 Oct 2018,
261,India,won,8 wickets,47,won,2nd,,v West Indies,Guwahati,21 Oct 2018,
262,Bangladesh,won,28 runs,,won,1st,,v Zimbabwe,Mirpur,21 Oct 2018,
263,Sri Lanka,won,219 runs,,won,1st,,v England,Colombo (RPS),23 Oct 2018,
264,India,tied,-,,won,1st,,v West Indies,Visakhapatnam,24 Oct 2018,
265,Bangladesh,won,7 wickets,35,won,2nd,,v Zimbabwe,Chattogram,24 Oct 2018,
266,Bangladesh,won,7 wickets,47,won,2nd,,v Zimbabwe,Chattogram,26 Oct 2018,
267,India,lost,43 runs,,won,2nd,,v West Indies,Pune,27 Oct 2018,
268,India,won,224 runs,,won,1st,,v West Indies,Brabourne,29 Oct 2018,
269,India,won,9 wickets,211,lost,2nd,,v West Indies,Thiruvananthapuram,1 Nov 2018,
270,Australia,lost,6 wickets,124,lost,1st,,v South Africa,Perth,4 Nov 2018,
271,Australia,won,7 runs,,lost,1st,,v South Africa,Adelaide,9 Nov 2018,
272,Australia,lost,40 runs,,won,2nd,,v South Africa,Hobart,11 Nov 2018,
273,Bangladesh,won,5 wickets,89,lost,2nd,,v West Indies,Mirpur,9 Dec 2018,
274,Bangladesh,lost,4 wickets,2,lost,1st,,v West Indies,Mirpur,11 Dec 2018,
275,Bangladesh,won,8 wickets,69,won,2nd,,v West Indies,Sylhet,14 Dec 2018,
276,New Zealand,won,45 runs,,won,1st,,v Sri Lanka,Mount Maunganui,3 Jan 2019,
277,New Zealand,won,21 runs,,won,1st,,v Sri Lanka,Mount Maunganui,5 Jan 2019,
278,New Zealand,won,115 runs,,lost,1st,,v Sri Lanka,Nelson,8 Jan 2019,
279,Australia,won,34 runs,,won,1st,,v India,Sydney,12 Jan 2019,
280,Australia,lost,6 wickets,4,won,1st,,v India,Adelaide,15 Jan 2019,
281,Australia,lost,7 wickets,4,lost,1st,,v India,Melbourne,18 Jan 2019,
282,South Africa,lost,5 wickets,5,won,1st,,v Pakistan,Gqeberha,19 Jan 2019,
283,South Africa,won,5 wickets,48,won,2nd,,v Pakistan,Durban,22 Jan 2019,
284,New Zealand,lost,8 wickets,85,won,1st,,v India,Napier,23 Jan 2019,
285,U.A.E.,won,3 wickets,107,won,2nd,,v Nepal,ICCA Dubai,25 Jan 2019,
286,South Africa,won,13 runs,,lost,2nd,,v Pakistan,Centurion,25 Jan 2019,
287,New Zealand,lost,90 runs,,lost,2nd,,v India,Mount Maunganui,26 Jan 2019,
288,U.A.E.,lost,145 runs,,lost,2nd,,v Nepal,ICCA Dubai,26 Jan 2019,
289,South Africa,lost,8 wickets,111,lost,1st,,v Pakistan,Johannesburg,27 Jan 2019,
290,New Zealand,lost,7 wickets,42,won,1st,,v India,Mount Maunganui,28 Jan 2019,
291,U.A.E.,lost,4 wickets,32,lost,1st,,v Nepal,ICCA Dubai,28 Jan 2019,
292,South Africa,won,7 wickets,60,won,2nd,,v Pakistan,Cape Town,30 Jan 2019,
293,New Zealand,won,8 wickets,212,won,2nd,,v India,Hamilton,31 Jan 2019,
294,New Zealand,lost,35 runs,,lost,2nd,,v India,Wellington,3 Feb 2019,
295,New Zealand,won,8 wickets,33,lost,2nd,,v Bangladesh,Napier,13 Feb 2019,
296,New Zealand,won,8 wickets,83,won,2nd,,v Bangladesh,Christchurch,16 Feb 2019,
297,New Zealand,won,88 runs,,lost,1st,,v Bangladesh,Dunedin,20 Feb 2019,
298,West Indies,lost,6 wickets,8,won,1st,,v England,Bridgetown,20 Feb 2019,
299,West Indies,won,26 runs,,lost,1st,,v England,Bridgetown,22 Feb 2019,
300,West Indies,n/r,-,,lost,-,,v England,St George's,25 Feb 2019,
301,West Indies,lost,29 runs,,won,2nd,,v England,St George's,27 Feb 2019,
302,India,won,6 wickets,10,lost,2nd,,v Australia,Hyderabad (Deccan),2 Mar 2019,
303,West Indies,won,7 wickets,227,won,2nd,,v England,Gros Islet,2 Mar 2019,
304,South Africa,won,8 wickets,67,won,2nd,,v Sri Lanka,Johannesburg,3 Mar 2019,
305,India,won,8 runs,,lost,1st,,v Australia,Nagpur,5 Mar 2019,
306,South Africa,won,113 runs,,lost,1st,,v Sri Lanka,Centurion,6 Mar 2019,
307,India,lost,32 runs,,won,2nd,,v Australia,Ranchi,8 Mar 2019,
308,India,lost,4 wickets,13,won,1st,,v Australia,Mohali,10 Mar 2019,
309,South Africa,won,71 runs,,lost,1st,,v Sri Lanka,Durban,10 Mar 2019,
310,India,lost,35 runs,,lost,2nd,,v Australia,Delhi,13 Mar 2019,
311,South Africa,won,6 wickets,103,won,2nd,,v Sri Lanka,Gqeberha,13 Mar 2019,
312,South Africa,won,41 runs,,lost,2nd,,v Sri Lanka,Cape Town,16 Mar 2019,
313,Zimbabwe,won,7 wickets,161,won,2nd,,v U.A.E.,Harare,10 Apr 2019,
314,Zimbabwe,won,4 runs,,won,2nd,,v U.A.E.,Harare,12 Apr 2019,
315,Zimbabwe,won,131 runs,,lost,1st,,v U.A.E.,Harare,14 Apr 2019,
316,Zimbabwe,won,3 wickets,31,lost,2nd,,v U.A.E.,Harare,16 Apr 2019,
317,Namibia,won,145 runs,,won,1st,,v Oman,Windhoek,27 Apr 2019,
318,Ireland,lost,4 wickets,18,lost,1st,,v England,Dublin (Malahide),3 May 2019,
319,Ireland,lost,196 runs,,won,2nd,,v West Indies,Dublin,5 May 2019,
320,Scotland,aban,-,,-,-,,v Afghanistan,Edinburgh,8 May 2019,
321,England,n/r,-,,won,2nd,,v Pakistan,The Oval,8 May 2019,
322,Ireland,aban,-,,-,-,,v Bangladesh,Dublin (Malahide),9 May 2019,
323,Scotland,lost,2 runs,,won,1st,,v Afghanistan,Edinburgh,10 May 2019,
324,Ireland,lost,5 wickets,13,won,1st,,v West Indies,Dublin (Malahide),11 May 2019,
325,England,won,12 runs,,lost,1st,,v Pakistan,Southampton,11 May 2019,
326,England,won,6 wickets,31,won,2nd,,v Pakistan,Bristol,14 May 2019,
327,Ireland,lost,6 wickets,42,won,1st,,v Bangladesh,Dublin,15 May 2019,
328,England,won,3 wickets,3,won,2nd,,v Pakistan,Nottingham,17 May 2019,
329,Scotland,aban,-,,-,-,,v Sri Lanka,Edinburgh,18 May 2019,
330,Ireland,won,72 runs,,lost,1st,,v Afghanistan,Belfast,19 May 2019,
331,England,won,54 runs,,won,1st,,v Pakistan,Leeds,19 May 2019,
332,Ireland,lost,126 runs,,won,2nd,,v Afghanistan,Belfast,21 May 2019,
333,Scotland,lost,35 runs,,won,2nd,,v Sri Lanka,Edinburgh,21 May 2019,
334,England,won,104 runs,,lost,1st,,v South Africa,The Oval,30 May 2019,
335,England,lost,14 runs,,won,2nd,,v Pakistan,Nottingham,3 Jun 2019,
336,England,won,106 runs,,lost,1st,,v Bangladesh,Cardiff,8 Jun 2019,
337,England,won,8 wickets,101,won,2nd,,v West Indies,Southampton,14 Jun 2019,
338,England,won,150 runs,,won,1st,,v Afghanistan,Manchester,18 Jun 2019,
339,Netherlands,won,7 wickets,26,lost,2nd,,v Zimbabwe,Deventer,19 Jun 2019,
340,Netherlands,won,3 wickets,4,lost,2nd,,v Zimbabwe,Deventer,21 Jun 2019,
341,England,lost,20 runs,,lost,2nd,,v Sri Lanka,Leeds,21 Jun 2019,
342,England,lost,64 runs,,won,2nd,,v Australia,Lord's,25 Jun 2019,
343,England,won,31 runs,,won,1st,,v India,Birmingham,30 Jun 2019,
344,Ireland,won,4 wickets,9,won,2nd,,v Zimbabwe,Bready,1 Jul 2019,
345,England,won,119 runs,,won,1st,,v New Zealand,Chester-le-Street,3 Jul 2019,
346,Ireland,won,5 runs,,lost,1st,,v Zimbabwe,Belfast,4 Jul 2019,
347,Ireland,won,6 wickets,52,lost,2nd,,v Zimbabwe,Belfast,7 Jul 2019,
348,England,won,8 wickets,107,lost,2nd,,v Australia,Birmingham,11 Jul 2019,
349,England,tied,-,,lost,2nd,,v New Zealand,Lord's,14 Jul 2019,
350,Sri Lanka,won,91 runs,,won,1st,,v Bangladesh,Colombo (RPS),26 Jul 2019,
351,Sri Lanka,won,7 wickets,32,lost,2nd,,v Bangladesh,Colombo (RPS),28 Jul 2019,
352,Sri Lanka,won,122 runs,,won,1st,,v Bangladesh,Colombo (RPS),31 Jul 2019,
353,West Indies,n/r,-,,lost,1st,,v India,Providence,8 Aug 2019,
354,West Indies,lost,59 runs,,lost,2nd,,v India,Port of Spain,11 Aug 2019,
355,West Indies,lost,6 wickets,15,won,1st,,v India,Port of Spain,14 Aug 2019,
356,Scotland,lost,8 wickets,29,won,1st,,v Oman,Aberdeen,15 Aug 2019,
357,Scotland,won,3 wickets,7,won,2nd,,v P.N.G.,Aberdeen,17 Aug 2019,
358,Scotland,won,85 runs,,lost,1st,,v Oman,Aberdeen,18 Aug 2019,
359,Scotland,won,38 runs,,lost,1st,,v P.N.G.,Aberdeen,20 Aug 2019,
360,U.S.A.,won,5 runs,,won,1st,,v P.N.G.,Lauderhill,13 Sep 2019,
361,U.S.A.,won,5 wickets,112,lost,2nd,,v Namibia,Lauderhill,17 Sep 2019,
362,U.S.A.,won,62 runs,,won,1st,,v P.N.G.,Lauderhill,19 Sep 2019,
363,U.S.A.,lost,139 runs,,won,2nd,,v Namibia,Lauderhill,20 Sep 2019,
364,Pakistan,aban,-,,-,-,,v Sri Lanka,Karachi,27 Sep 2019,
365,Pakistan,won,67 runs,,won,1st,,v Sri Lanka,Karachi,30 Sep 2019,
366,Pakistan,won,5 wickets,10,lost,2nd,,v Sri Lanka,Karachi,2 Oct 2019,
367,U.A.E.,lost,3 wickets,10,won,1st,,v U.S.A.,Sharjah,8 Dec 2019,
368,U.A.E.,aban,-,,-,-,,v Scotland,Sharjah,11 Dec 2019,
369,U.A.E.,lost,98 runs,,won,2nd,,v U.S.A.,ICCA Dubai,12 Dec 2019,
370,U.A.E.,won,7 wickets,37,won,2nd,,v Scotland,ICCA Dubai,15 Dec 2019,
371,India,lost,8 wickets,13,lost,1st,,v West Indies,Chennai,15 Dec 2019,
372,India,won,107 runs,,lost,1st,,v West Indies,Visakhapatnam,18 Dec 2019,
373,India,won,4 wickets,8,won,2nd,,v West Indies,Cuttack,22 Dec 2019,
374,Oman,won,5 wickets,75,won,2nd,,v U.A.E.,Al Amerat,5 Jan 2020,
375,West Indies,won,5 wickets,100,lost,2nd,,v Ireland,Bridgetown,7 Jan 2020,
376,Oman,lost,52 runs,,lost,2nd,,v Namibia,Al Amerat,8 Jan 2020,
377,West Indies,won,1 wickets,1,lost,2nd,,v Ireland,Bridgetown,9 Jan 2020,
378,Oman,aban,-,,-,-,,v U.A.E.,Al Amerat,11 Jan 2020,
379,Oman,aban,-,,-,-,,v Namibia,Al Amerat,12 Jan 2020,
380,West Indies,won,5 wickets,64,won,2nd,,v Ireland,St George's,12 Jan 2020,
381,India,lost,10 wickets,74,lost,1st,,v Australia,Wankhede,14 Jan 2020,
382,India,won,36 runs,,lost,1st,,v Australia,Rajkot,17 Jan 2020,
383,India,won,7 wickets,15,lost,2nd,,v Australia,Bengaluru,19 Jan 2020,
384,South Africa,won,7 wickets,14,won,2nd,,v England,Cape Town,4 Feb 2020,
385,New Zealand,won,4 wickets,11,won,2nd,,v India,Hamilton,5 Feb 2020,
386,Nepal,lost,18 runs,,won,2nd,,v Oman,Kirtipur,5 Feb 2020,
387,South Africa,n/r,-,,lost,1st,,v England,Durban,7 Feb 2020,
388,New Zealand,won,22 runs,,lost,1st,,v India,Auckland,8 Feb 2020,
389,Nepal,won,35 runs,,lost,1st,,v U.S.A.,Kirtipur,8 Feb 2020,
390,Nepal,lost,8 wickets,16,lost,1st,,v Oman,Kirtipur,9 Feb 2020,
391,South Africa,lost,2 wickets,40,lost,1st,,v England,Johannesburg,9 Feb 2020,
392,New Zealand,won,5 wickets,17,won,2nd,,v India,Mount Maunganui,11 Feb 2020,
393,Nepal,won,8 wickets,268,won,2nd,,v U.S.A.,Kirtipur,12 Feb 2020,
394,Sri Lanka,won,1 wickets,5,won,2nd,,v West Indies,Colombo (SSC),22 Feb 2020,
395,Sri Lanka,won,161 runs,,lost,1st,,v West Indies,Hambantota,26 Feb 2020,
396,South Africa,won,74 runs,,won,1st,,v Australia,Paarl,29 Feb 2020,
397,Bangladesh,won,169 runs,,won,1st,,v Zimbabwe,Sylhet,1 Mar 2020,
398,Sri Lanka,won,6 runs,,won,1st,,v West Indies,Pallekele,1 Mar 2020,
399,Bangladesh,won,4 runs,,won,1st,,v Zimbabwe,Sylhet,3 Mar 2020,
400,South Africa,won,6 wickets,9,lost,2nd,,v Australia,Bloemfontein,4 Mar 2020,
401,Bangladesh,won,123 runs,,lost,1st,,v Zimbabwe,Sylhet,6 Mar 2020,
402,South Africa,won,6 wickets,27,won,2nd,,v Australia,Potchefstroom,7 Mar 2020,
403,India,aban,-,,-,-,,v South Africa,Dharamsala,12 Mar 2020,
404,Australia,won,71 runs,,won,1st,,v New Zealand,Sydney,13 Mar 2020,
405,Australia,canc,-,,-,-,,v New Zealand,Sydney,15 Mar 2020,
406,Netherlands,canc,-,,-,-,,v Pakistan,Amstelveen,9 Jul 2020,
407,India,canc,-,,-,-,,v South Africa,Lucknow,15 Mar 2020,
408,India,canc,-,,-,-,,v South Africa,Kolkata,18 Mar 2020,
409,Australia,canc,-,,-,-,,v New Zealand,Hobart,20 Mar 2020,
410,Namibia,canc,-,,-,-,,v Netherlands,Windhoek,29 Mar 2020,
411,Namibia,canc,-,,-,-,,v Netherlands,Windhoek,31 Mar 2020,
412,Namibia,canc,-,,-,-,,v Netherlands,Windhoek,1 Apr 2020,
413,Pakistan,canc,-,,-,-,,v Bangladesh,Karachi,1 Apr 2020,
414,U.S.A.,canc,-,,-,-,,v U.A.E.,Lauderhill,1 Apr 2020,
415,U.S.A.,canc,-,,-,-,,v Scotland,Lauderhill,4 Apr 2020,
416,U.S.A.,canc,-,,-,-,,v U.A.E.,Lauderhill,5 Apr 2020,
417,Zimbabwe,canc,-,,-,-,,v Ireland,Bulawayo,8 Apr 2020,
418,U.S.A.,canc,-,,-,-,,v Scotland,Lauderhill,8 Apr 2020,
419,Zimbabwe,canc,-,,-,-,,v Ireland,Bulawayo,10 Apr 2020,
420,Zimbabwe,canc,-,,-,-,,v Ireland,Bulawayo,12 Apr 2020,
421,Ireland,canc,-,,-,-,,v Bangladesh,Belfast,14 May 2020,
422,Ireland,canc,-,,-,-,,v Bangladesh,Belfast,16 May 2020,
423,Ireland,canc,-,,-,-,,v Bangladesh,Belfast,19 May 2020,
424,Scotland,canc,-,,-,-,,v New Zealand,Edinburgh,12 Jun 2020,
425,Ireland,canc,-,,-,-,,v New Zealand,Belfast,27 Jun 2020,
426,Ireland,canc,-,,-,-,,v New Zealand,Belfast,30 Jun 2020,
427,Ireland,canc,-,,-,-,,v New Zealand,Belfast,2 Jul 2020,
428,Netherlands,canc,-,,-,-,,v Pakistan,Amstelveen,4 Jul 2020,
429,Netherlands,canc,-,,-,-,,v Pakistan,Amstelveen,7 Jul 2020,
430,England,won,6 wickets,133,won,2nd,,v Ireland,Southampton,30 Jul 2020,
431,England,won,4 wickets,105,lost,2nd,,v Ireland,Southampton,1 Aug 2020,
432,England,lost,7 wickets,1,lost,1st,,v Ireland,Southampton,4 Aug 2020,
433,England,lost,19 runs,,won,2nd,,v Australia,Manchester,11 Sep 2020,
434,England,won,24 runs,,won,1st,,v Australia,Manchester,13 Sep 2020,
435,England,lost,3 wickets,2,won,1st,,v Australia,Manchester,16 Sep 2020,
436,Pakistan,won,26 runs,,won,1st,,v Zimbabwe,Rawalpindi,30 Oct 2020,
437,Pakistan,won,6 wickets,88,lost,2nd,,v Zimbabwe,Rawalpindi,1 Nov 2020,
438,Pakistan,tied,-,,lost,2nd,,v Zimbabwe,Rawalpindi,3 Nov 2020,
439,Australia,won,66 runs,,won,1st,,v India,Sydney,27 Nov 2020,
440,Australia,won,51 runs,,won,1st,,v India,Sydney,29 Nov 2020,
441,Australia,lost,13 runs,,lost,2nd,,v India,Canberra,2 Dec 2020,
442,South Africa,canc,-,,-,-,,v England,Paarl,6 Dec 2020,
443,South Africa,canc,-,,-,-,,v England,Cape Town,7 Dec 2020,
444,South Africa,canc,-,,-,-,,v England,Cape Town,9 Dec 2020,
445,U.A.E.,won,6 wickets,6,lost,2nd,,v Ireland,Abu Dhabi,8 Jan 2021,
446,U.A.E.,canc,-,,-,-,,v Ireland,Abu Dhabi,12 Jan 2021,
447,U.A.E.,canc,-,,-,-,,v Ireland,Abu Dhabi,14 Jan 2021,
448,U.A.E.,lost,112 runs,,won,2nd,,v Ireland,Abu Dhabi,18 Jan 2021,
449,Bangladesh,won,6 wickets,97,won,2nd,,v West Indies,Mirpur,20 Jan 2021,
450,Bangladesh,won,7 wickets,100,lost,2nd,,v West Indies,Mirpur,22 Jan 2021,
451,Bangladesh,won,120 runs,,lost,1st,,v West Indies,Chattogram,25 Jan 2021,
452,West Indies,won,8 wickets,18,lost,2nd,,v Sri Lanka,North Sound,10 Mar 2021,
453,West Indies,won,5 wickets,2,won,2nd,,v Sri Lanka,North Sound,12 Mar 2021,
454,West Indies,won,5 wickets,9,won,2nd,,v Sri Lanka,North Sound,14 Mar 2021,
455,New Zealand,won,8 wickets,172,won,2nd,,v Bangladesh,Dunedin,20 Mar 2021,
456,New Zealand,won,5 wickets,10,won,2nd,,v Bangladesh,Christchurch,23 Mar 2021,
457,India,won,66 runs,,lost,1st,,v England,Pune,23 Mar 2021,
458,New Zealand,won,164 runs,,won,1st,,v Bangladesh,Wellington,26 Mar 2021,
459,India,lost,6 wickets,39,lost,1st,,v England,Pune,26 Mar 2021,
460,India,won,7 runs,,lost,1st,,v England,Pune,28 Mar 2021,
461,South Africa,lost,3 wickets,0,lost,1st,,v Pakistan,Centurion,2 Apr 2021,
462,South Africa,won,17 runs,,lost,1st,,v Pakistan,Johannesburg,4 Apr 2021,
463,South Africa,lost,28 runs,,won,2nd,,v Pakistan,Centurion,7 Apr 2021,
464,Netherlands,won,14 runs,,won,1st,,v Scotland,Rotterdam,19 May 2021,
465,Netherlands,lost,6 wickets,47,won,1st,,v Scotland,Rotterdam,20 May 2021,
466,Bangladesh,won,33 runs,,won,1st,,v Sri Lanka,Mirpur,23 May 2021,
467,Bangladesh,won,103 runs,,won,1st,,v Sri Lanka,Mirpur,25 May 2021,
468,Bangladesh,lost,97 runs,,lost,2nd,,v Sri Lanka,Mirpur,28 May 2021,
469,Netherlands,won,1 runs,,won,1st,,v Ireland,Utrecht,2 Jun 2021,
470,Netherlands,lost,8 wickets,42,won,1st,,v Ireland,Utrecht,4 Jun 2021,
471,Netherlands,won,4 wickets,25,lost,2nd,,v Ireland,Utrecht,7 Jun 2021,
472,England,won,5 wickets,91,won,2nd,,v Sri Lanka,Chester-le-Street,29 Jun 2021,
473,England,won,8 wickets,42,won,2nd,,v Sri Lanka,The Oval,1 Jul 2021,
474,England,n/r,-,,won,2nd,,v Sri Lanka,Bristol,4 Jul 2021,
475,England,won,9 wickets,169,won,2nd,,v Pakistan,Cardiff,8 Jul 2021,
476,England,won,52 runs,,lost,1st,,v Pakistan,Lord's,10 Jul 2021,
477,Ireland,n/r,-,,lost,1st,,v South Africa,Dublin (Malahide),11 Jul 2021,
478,Ireland,won,43 runs,,lost,1st,,v South Africa,Dublin (Malahide),13 Jul 2021,
479,England,won,3 wickets,12,won,2nd,,v Pakistan,Birmingham,13 Jul 2021,
480,Zimbabwe,lost,155 runs,,won,2nd,,v Bangladesh,Harare,16 Jul 2021,
481,Ireland,lost,70 runs,,lost,2nd,,v South Africa,Dublin (Malahide),16 Jul 2021,
482,Zimbabwe,lost,3 wickets,5,won,1st,,v Bangladesh,Harare,18 Jul 2021,
483,Sri Lanka,lost,7 wickets,80,won,1st,,v India,Colombo (RPS),18 Jul 2021,
484,Zimbabwe,lost,5 wickets,12,lost,1st,,v Bangladesh,Harare,20 Jul 2021,
485,Sri Lanka,lost,3 wickets,5,won,1st,,v India,Colombo (RPS),20 Jul 2021,
486,West Indies,lost,133 runs,,lost,2nd,,v Australia,Bridgetown,20 Jul 2021,
487,West Indies,won,4 wickets,72,lost,2nd,,v Australia,Bridgetown,22 Jul 2021,
488,Sri Lanka,won,3 wickets,48,lost,2nd,,v India,Colombo (RPS),23 Jul 2021,
489,West Indies,lost,6 wickets,117,won,1st,,v Australia,Bridgetown,26 Jul 2021,
490,Sri Lanka,won,14 runs,,won,1st,,v South Africa,Colombo (RPS),2 Sep 2021,
491,Sri Lanka,lost,67 runs,,lost,2nd,,v South Africa,Colombo (RPS),4 Sep 2021,
492,Sri Lanka,won,78 runs,,won,1st,,v South Africa,Colombo (RPS),7 Sep 2021,
493,Ireland,lost,38 runs,,won,2nd,,v Zimbabwe,Belfast,8 Sep 2021,
494,Ireland,n/r,-,,lost,1st,,v Zimbabwe,Belfast,10 Sep 2021,
495,Ireland,won,7 wickets,58,won,2nd,,v Zimbabwe,Belfast,13 Sep 2021,
496,Oman,won,5 wickets,113,lost,2nd,,v Nepal,Al Amerat,14 Sep 2021,
497,Oman,won,4 wickets,2,won,2nd,,v U.S.A.,Al Amerat,16 Sep 2021,
498,Pakistan,canc,-,,-,-,,v New Zealand,Rawalpindi,17 Sep 2021,
499,Pakistan,canc,-,,-,-,,v New Zealand,Rawalpindi,19 Sep 2021,
500,Oman,lost,7 wickets,190,lost,1st,,v Nepal,Al Amerat,19 Sep 2021,
501,Oman,won,72 runs,,lost,1st,,v U.S.A.,Al Amerat,20 Sep 2021,
502,Pakistan,canc,-,,-,-,,v New Zealand,Rawalpindi,21 Sep 2021,
503,Oman,won,110 runs,,lost,1st,,v P.N.G.,Al Amerat,26 Sep 2021,
504,Oman,lost,18 runs,,lost,2nd,,v Scotland,Al Amerat,28 Sep 2021,
505,Oman,won,3 wickets,85,lost,2nd,,v P.N.G.,Al Amerat,1 Oct 2021,
506,Oman,n/r,-,,lost,2nd,,v Scotland,Al Amerat,2 Oct 2021,
507,Namibia,won,40 runs,,lost,1st,,v Oman,Windhoek,26 Nov 2021,
508,South Africa,n/r,-,,lost,1st,,v Netherlands,Centurion,26 Nov 2021,
509,Namibia,lost,9 runs,,lost,2nd,,v Oman,Windhoek,27 Nov 2021,
510,U.S.A.,canc,-,,-,-,,v Ireland,Lauderhill,26 Dec 2021,
511,West Indies,won,24 runs,,lost,1st,,v Ireland,Kingston,8 Jan 2022,
512,West Indies,lost,5 wickets,21,lost,1st,,v Ireland,Kingston,13 Jan 2022,
513,Sri Lanka,won,5 wickets,9,lost,2nd,,v Zimbabwe,Pallekele,16 Jan 2022,
514,West Indies,lost,2 wickets,31,lost,1st,,v Ireland,Kingston,16 Jan 2022,
515,Sri Lanka,lost,22 runs,,lost,2nd,,v Zimbabwe,Pallekele,18 Jan 2022,
516,South Africa,won,31 runs,,won,1st,,v India,Paarl,19 Jan 2022,
517,South Africa,won,7 wickets,11,lost,2nd,,v India,Paarl,21 Jan 2022,
518,Sri Lanka,won,184 runs,,won,1st,,v Zimbabwe,Pallekele,21 Jan 2022,
519,South Africa,won,4 runs,,lost,1st,,v India,Cape Town,23 Jan 2022,
520,Oman,lost,4 wickets,6,lost,1st,,v U.A.E.,Al Amerat,5 Feb 2022,
521,Oman,lost,4 wickets,27,lost,1st,,v U.A.E.,Al Amerat,6 Feb 2022,
522,India,won,6 wickets,132,won,2nd,,v West Indies,Ahmedabad,6 Feb 2022,
523,Oman,tied,-,,lost,1st,,v U.A.E.,Al Amerat,8 Feb 2022,
524,India,won,44 runs,,lost,1st,,v West Indies,Ahmedabad,9 Feb 2022,
525,India,won,96 runs,,won,1st,,v West Indies,Ahmedabad,11 Feb 2022,
526,Bangladesh,won,4 wickets,7,lost,2nd,,v Afghanistan,Chattogram,23 Feb 2022,
527,Bangladesh,won,88 runs,,won,1st,,v Afghanistan,Chattogram,25 Feb 2022,
528,Bangladesh,lost,7 wickets,59,won,1st,,v Afghanistan,Chattogram,28 Feb 2022,
529,U.A.E.,lost,12 runs,,won,2nd,,v Oman,ICCA Dubai,5 Mar 2022,
530,U.A.E.,won,3 wickets,17,won,2nd,,v Namibia,ICCA Dubai,8 Mar 2022,
531,U.A.E.,lost,8 runs,,lost,2nd,,v Oman,ICCA Dubai,9 Mar 2022,
532,U.A.E.,won,43 runs,,lost,1st,,v Namibia,Sharjah,12 Mar 2022,
533,U.A.E.,won,7 wickets,33,lost,2nd,,v P.N.G.,Sharjah,15 Mar 2022,
534,U.A.E.,won,48 runs,,won,1st,,v Nepal,Dubai (DSC),18 Mar 2022,
535,South Africa,lost,38 runs,,won,2nd,,v Bangladesh,Centurion,18 Mar 2022,
536,U.A.E.,lost,6 wickets,82,won,1st,,v P.N.G.,Dubai (DSC),19 Mar 2022,
537,South Africa,won,7 wickets,76,lost,2nd,,v Bangladesh,Johannesburg,20 Mar 2022,
538,U.A.E.,won,99 runs,,lost,1st,,v Nepal,Dubai (DSC),21 Mar 2022,
539,South Africa,lost,9 wickets,141,won,1st,,v Bangladesh,Centurion,23 Mar 2022,
540,Nepal,lost,6 runs,,won,2nd,,v P.N.G.,Kirtipur,25 Mar 2022,
541,Nepal,lost,3 wickets,8,won,1st,,v P.N.G.,Kirtipur,26 Mar 2022,
542,New Zealand,won,7 wickets,69,lost,2nd,,v Netherlands,Mount Maunganui,29 Mar 2022,
543,Pakistan,lost,88 runs,,won,2nd,,v Australia,Lahore,29 Mar 2022,
544,Pakistan,won,6 wickets,6,won,2nd,,v Australia,Lahore,31 Mar 2022,
545,New Zealand,won,118 runs,,lost,1st,,v Netherlands,Hamilton,2 Apr 2022,
546,Pakistan,won,9 wickets,73,won,2nd,,v Australia,Lahore,2 Apr 2022,
547,New Zealand,won,115 runs,,won,1st,,v Netherlands,Hamilton,4 Apr 2022,
548,U.S.A.,canc,-,,-,-,,v Ireland,Lauderhill,29 Dec 2021,
549,U.S.A.,canc,-,,-,-,,v Ireland,Lauderhill,30 Dec 2021,
